ID,Nome,Sequencia,Total_Sequencia,Posicao_Mutacao,Mutacao_Original,Nucleotideo_Mutado,Status_Mutacao
NC_074786.1,"Guereza hepacivirus isolate GHV-1 BWC08, partial genome",CACTCCATACTACACTCCGCATTTGGGGAGAAGCGCTGGCGTTCGCGGAACCGCGTTAACCATACGCGTAGTACGAGTGCGACAGACCCCGGTGCTACTG,10412,1000,A,G,Presente
NC_074787.1,"Hepatitis GB virus A polyprotein, complete cds",CGTGGGAGTCCGGGGCCCCGGACCTCCCACCGAGGTGGGGGGAAAGGGGCCCTGGACCGGCCGGGTGGAAGGCCCGGAACCGGTCCATCTTCCTCAAGGT,9653,1000,A,G,Presente
NC_076029.1,"Bovine viral diarrhea virus 1-SD1 polyprotein gene, complete cds",GTATACGAGAACTAGATAAAATACTCGTATACATATTGGACAACAGAAAATAACTATTAGGCCTAGGGAATGAATCCCTCTCAGCGAAGGCCGAAAGGAG,12308,1000,A,G,Ausente
NC_076032.1,"Bovine viral diarrhea virus 2 strain XJ-04, complete genome",GTATACGAGATTAGCTAAAGTACTCGTATATGGATTGGACGTCAACAAATTTTTAATTGGCAAGTCAGGGAACCTTCCCCTCAGCGAAGGCCGAAAAGAG,12284,1000,A,G,Ausente
NC_077000.1,"Rodent pestivirus isolate RtAp-PestV/JL2014 polyprotein (QKT81_gp1) gene, complete cds",TGTATAAGGAAGGGGTGGGAGCCTTCCCTATACTTGTTTACAAATACCATACAGTGTTACAGCAGTGTGTAGTTTACTATGCAGGTTTGAAGGGCGGGGA,12768,1000,A,G,Ausente
NC_077001.1,"Rodent pestivirus isolate RtNn-PestV/HuB2014 polyprotein (QKT82_gp1) gene, complete cds",GTATAAGGGATGGGATCCTTGTACATTTCATACCTCTACCGAACAGTATTTGGGAGTTCTTTTTACCTGCCGTACAGTATTGGGATTTAAACAACTAAAT,13220,1000,A,G,Presente
NC_077015.1,"Bat pestivirus BtSk-PestV-1/GX2017 polyprotein (QKT96_gp1) gene, complete cds",TGCATAACCCTGATTGTAATTGGCTGGGTTATGCATGTGAGAACGCAAAATTTTTTAAATTATGTTACCGGCTTTGAGGTTGGCGGACCAGAGTTAACCA,11921,1000,A,G,Presente
NC_077023.1,"Pestivirus sp. isolate ovine/It/338710-3/2017 polyprotein (QKU04_gp1) gene, complete cds",CTCGTGTACAAAATTGGGCATATAAATTTCTGATTCGATTAGGGAATCCCTCTAGCGACGGCCGAACTGGGCTAGCCATGCCCATAGTAGGACTAGCAAA,12173,1000,A,G,Ausente
NC_077024.1,"Dongyang pangolin virus isolate DYAJ1, complete genome",GTATGAAGATAAATCAAAGAGGTGAGAGTGGATTACCACAGCAACCCGCTTCATACACATTGGACTATACCAAACTGATCTTTAGGTAGATTGGATATGT,12443,1000,A,G,Presente
NC_077026.1,"Phocoena pestivirus isolate NS170385, complete genome",GTATACACAAGGTTAGCTCAATCCATTGTGTGTACGATTGGATGTTGCAAATTTATAATTTGAGATATAGGGACCCATTCATCACAGCGAAGGCCGAACA,11880,1000,A,G,Ausente
NC_043110.1,"Banzi virus strain SAH 336 polyprotein gene, complete cds",ATGGTTAATCCAAAGGGCGTCAATGTAATGGCAGCTCGCGTTAAGCGGGCTGCCCAAAAAACAAAAAAGAAGGCAGTTCAAGTCAGCAGAGGCCTTCGGG,10182,1000,A,G,Presente
NC_040555.1,"Lumpfish flavivirus, complete genome",AATTTACATTCTGACACGCCAATTTAGTCGCTACCAACATTTAGGTCGCTACACAGTTTAACCACTGGTTCAACGTTTCAGAATATTGTTAAATTACACC,11336,1000,A,G,Ausente
NC_040589.1,"Diatom colony associated ssRNA virus 1 genomic RNA, complete genome",AGAAATCTTTTGATATACATGCGCGTATTTTACGATAACGAGCATCCAATCAAAGCAAGCATGAACTTCTTGCAACGCACGGCCCAAGGCCTCGTTAAGG,11413,1000,A,G,Ausente
NC_040610.1,"Nanay virus strain PRD316/PER/09, complete genome",CCAAGTTTGTTTTATGCGTGAGCTGGATTACACAGTTAGTATTTCGGGTGTTTACATAACGTGTTAGAACAATTTTAAAGAAGTCAAAACTAGAAATTTA,10804,1000,A,G,Ausente
NC_040645.1,"Culex Flavi-like virus strain CFVL/San Francisco, complete genome",CGCTGTTTTCGAATCAGTTTATCGAAGGCGTTCTATAGCGCAAGCTCGAGATAAAAGCGACATCATGACAAAAGATGGAGCAAACAAAAAGGCCATGAGC,10609,1000,A,G,Ausente
NC_040682.1,"Culex theileri flavivirus, complete genome",ATATAAATCCCAGTTTGGTTAAACCTATTTCAAGGCTTAAGTTGTTTATTATTTTATCGCCGCTCGTGACTATAAAGTTGCCTAGCGGAGAGAGATAAAG,10280,1000,A,G,Presente
NC_040776.1,"Rocio virus strain SPH 34675, complete genome",AGAAATTCACCTGTGTGAAATTTCACCAACAGTTTTAGTGAAAAGAACTTTGTTTAACACAGTCTGAATAGTTTTTTAGCAGAGGTACTACCATGTCTAA,10794,1000,A,G,Ausente
NC_040788.1,"Kampung Karu virus isolate SWK_P44, complete genome",ATGGTTATGAACCTTAGGAGAAGGCTGCCCTTCGGGGCAGCTAACAATGTGCTGAGGCGCTTTAGGTCTGGCGTCTCTGTCCTCAAGAGAGGAGTAAAGA,10311,1000,A,G,Presente
NC_040815.1,"Hepacivirus P isolate RHV-GS2015, complete genome",ACATGGGGGGGGGCTGACAGTGAGTACACTGTGCCAAGCAGGTGCTACGCTATGCCTAGGTGCTGCTGTAGGCCAAGGACATGTCCCAGTCATCCCAGGT,8684,1000,A,G,Ausente
NC_038425.1,"Non-primate hepacivirus NZP1 polyprotein (POLY) gene, complete cds",ACCTCCGTGCTAGGCACGGTGCGTTGTCAGCGTTTTGCGCTTGCATGCGCTACACGCGTCGTCCAACGCGGAGGGAACTTCACATCACCATGTGTCACTC,9531,1000,A,G,Ausente
NC_038426.1,"Hepacivirus B polypeptide gene, complete cds",ACCACAAACACTCCAGTTTGTTACACTCCGCTAGGAATGCTCCTGGAGCACCCCCCCTAGCAGGGCGTGGGGGATTTCCCCTGCCCGTCTGCAGAAGGGT,9143,1000,A,G,Ausente
NC_038427.1,"Hepacivirus F, complete genome",CCGGCGCGCACCGCCCCCCCGAGGGGGGGCGCTGCGTCCCCGTAAGCCGGGGAACACGAAGCCTAAGGGCATCCTCATTTTAGAATGAGCTTATGGCTTC,9188,1000,A,G,Presente
NC_038428.1,"Hepacivirus I, complete genome",CAGGGTTTCGACCCTGGCCCGGATACCTATCGCCTTACGCCGAAAGGTAACGAGTAGGAGTCGGGTCCCCAGGCCCTTACCGCCACCAAGCCAGGTGGGG,8883,1000,A,G,Ausente
NC_038429.1,"Hepacivirus J isolate Hepacivirus/RMU10-3382/GER/2010 polyprotein gene, complete cds",GCCGCTCCCGAAAGGGAGTCCGGCGCGTCATCCCACTCCGAGGAGTGGGGTGGCGTCCCCGTGTGCCGGGGAACCATGAAGCCTAAGGGCATCCACATTT,9687,1000,A,G,Ausente
NC_038430.1,"Hepacivirus K, complete genome",GGGAACAATGGTCCGTCCGCGGAACGACTCTAGCCATGAGTCTAGTACGAGTGCGTGCCACCCATTAGCACAAAAACCACTGACTGAGCCACACCCCTCC,9609,1000,A,G,Ausente
NC_038431.1,"Hepacivirus M polyprotein (POLY) gene, complete cds",AACCTGGGGACCAGGAATTCGCCGACATGGGACTTTGAGGACTCCGTAGTCGGAAAATTGGGCATGTCCCACCAGTGGAACCGAGTGAGAGGGGGGGGGC,9188,1000,A,G,Ausente
NC_038432.1,"Hepacivirus N, complete genome",ACCATCAACACTCCAGGCTCATGGATTAAGTTAGGTTCCGCCGAAGCGGGCTAACCAGGCCCCTAGTAGGAGGCGCCTATCCCATGAGCCCTTTCCCCAC,8880,1000,A,G,Ausente
NC_038433.1,"Theiler's disease-associated virus isolate HorseA1_serum, complete genome",TGATACCGTGTCCCGGTACGACCTCGCGCGTCCCCAAGCTCGCCCTGAGGGGGGAGCGTAAGGGCGCGTAGTGGGGTAGCCCCCCAAACCGAGCCACCCT,10479,1000,A,G,Ausente
NC_038434.1,"Pegivirus F isolate PDB-1698 polyprotein gene, complete cds",GCCAGCAGTGTTGCCGAAGGCCCGAGTACGGGCCTCCCAGCCGGCGTCAACCTAAACCTGGTTGTTATACGCTGTGTATGGAGGGCATGTCCCACGGAGC,10465,1000,A,G,Ausente
NC_038435.1,"Pegivirus G isolate PDB-620 polyprotein gene, complete cds",GACAGGGTCCCGGCGGACGGGCTGGCCATGTATGTCCGTTGTAATGCGTATGAGAGTACCATTACTTTTAGTGTTAGGGACTTGCTTTTGCATTGGAGGC,10767,1000,A,G,Ausente
NC_038436.1,"Human hepegivirus isolate AK-790 polyprotein gene, complete cds",TGAACTGTTGTTGTAGCAATGCGCATATTGCTACTTCGGTACGCCTAATTGGTAGGCGCCCGGCCGACCGGCCCCGCAAGGGCCTAGTAGGACGTGTGAC,9538,1000,A,G,Ausente
NC_038437.1,"Pegivirus I isolate PDB-1715 polyprotein gene, complete cds",GGTGAGAGCCCGGAAACCGACCACTTGGAGACCCATCCTTCTAGAATGGTCTAAGTGGTTGCCACCGTGGTCCGAAGGGGAGGAGGACCTACGCTGCCAG,9777,1000,A,G,Presente
NC_038882.1,"Hepatitis C virus (isolate H77) genotype 1, complete cds",GCCAGCCCCCTGATGGGGGCGACACTCCACCATGAATCACTCCCCTGTGAGGAACTACTGTCTTCACGCAGAAAGCGTCTAGCCATGGCGTTAGTATGAG,9599,1000,A,G,Ausente
NC_038912.1,"Classical swine fever virus, strain Alfort/187 complete genome",GTATACGAGGTTAGTTCATTCTCGTATGCATGATTGGACAAATTAAAATTTCAATTTGGATCAGGGCCTCCCTCCAGCGACGGCCGAACTGGGCTAGCCA,12298,1000,A,G,Ausente
NC_038964.1,"Porcine pestivirus 1 strain 000515 polyprotein mRNA, complete cds",GCAGATATCGGTGGTGGACCTGGGGGTTGGGCTCACCGTGCCCCTTCATGGGGTAGACCTCACTGCTTGATAGAGTGCCGGCGGATGCCTCAGGTAAGAG,11276,1000,A,G,Ausente
NC_039218.1,"Kyasanur forest disease virus polyprotein gene, complete cds",ATGGCCAAAGGAGCCGTCCTTAAAGGAAAGGGGGGCGGTCCCCCTAGGCGAGTGCCGAAAGAGACCGCAAAAAAGACGCGTCAAGGACCAGGCCGATTGC,10376,1000,A,G,Ausente
NC_039219.1,"Royal Farm virus from Afghanistan polyprotein gene, complete cds",ATGGCTGGCAAAGCCATTTCAAAAGGTAAGGGGGGTGGCCCCCCTGGGAAGAGACCCAAAGTGGCCATAAGAAAGACGGGGCAGTCGGCGGGACTCATGC,10254,1000,A,G,Ausente
NC_039237.1,"Bovine viral diarrhea virus 2 polyprotein gene, complete cds",GTATACGAGATTAGCTAAAGTACTCGTATACGGATTGGACGTCGACAAACTTTGAATTGGCAACACAGGGAACCTTCCCCTCGGCGAAGGCCGAAAAGAG,12513,1000,A,G,Ausente
NC_035889.1,"Zika virus isolate ZIKV/H. sapiens/Brazil/Natal/2015, complete genome",AGTTGTTGATCTGTGTGAATCAGACTGCGACAGTTCGAGTTTGAAGCGAAAGCTAGCAACAGTATCAACAGGTTTTATTTTGGATTTGGAAACGAGAGTT,10808,1000,A,G,Presente
NC_035432.1,"Linda virus strain Austria1, complete genome",GTATAGCAGCAGTAGCTCAAGGCTGCTATACGATTGGACATACCAAATTCCAATTGGTGTTAGGGACCACCTAGGTGAAGGCCGACGACAGGTAGCCATT,12614,1000,A,G,Ausente
NC_035187.1,"Mac Peak virus isolate McPV 150840 polyprotein gene, complete cds",ATGCAAGTCAAGAGAATGAAGACCCGTGGGGGAGGAGGTGGAAAGCTCGGTGTCAAAGGGATGACAAGGTCAACCCTCGGCCGGGCACTCAAAATGGTCT,10026,1000,A,G,Ausente
NC_035118.1,"Karumba virus isolate KRBV 1892, complete genome",ATGTTTTTAAAAAACCTGCCTGTGTTTTCTTGGTTATTTTACCTGTTTTCACTCACTTGGTTGGTTTGTTTGAAATCCATTTCTTTTAACTATCGACTTT,10646,1000,A,G,Ausente
NC_035071.1,"Apis flavivirus isolate RI-A polyprotein gene, complete cds",GTGAGTTTCTTCTTGTGGTATTATATCACGGCGATTTCTGAAGCAATTCCTTGGATTTTTTGAAAACTTTCTAATTTTGAAAATTTCATCTTCTAATTTT,20414,1000,A,G,Presente
NC_034442.1,"Pegivirus K isolate PPgV_903/Ger/2013 polyprotein gene, complete cds",GGCTCCCCCCCCACCTCGCGCGGCCCGAGGGCCGATACGCGGGTTGGGGGGGTAGCGGGGGCCGGAGGCCCCCGCGTTCTAGAATGGTGTGATCCGTCGC,9760,1000,A,G,Ausente
NC_034151.1,"T'Ho virus strain T'Ho-Mex07, complete genome",AGAAATTCATCTGTGTGGATTTCTTTACAACAGTTTTGGAAGAGAGAACAATACGTTTAACACAGTGTGAATAGTTTTTTGAACAGAGGTGAAAACCATG,10937,1000,A,G,Presente
NC_034242.1,"Ochlerotatus caspius flavivirus isolate 1608 polyprotein gene, complete cds",GTCTGATTATAACGGAATAGCTGTTTGAAAGGTGAAAATCTTTTTTCCTGTCGTTTGTATCAAAATGCACAGGTGGAGAGACCTTCTTCCCGACAAGGGG,10370,1000,A,G,Ausente
NC_034222.1,"Mogiana tick virus isolate MGTV/V4/11 segment 1, complete sequence",GCCCTTGACTGCAAGTGCAAAGGTTGAGGAATCCGCTTCAGACTCAAACGCAGATAAAACAACAACAAGACAGATAATCGTAAGAAACACGATGGACACA,2963,1000,A,G,Presente
NC_034223.1,"Mogiana tick virus isolate MGTV/V4/11 segment 3, complete sequence",GCTGAGACTGCAAGTGCACAGGTTTTGGACCTCGCGCTAGACTCACTTTACAGACTAGAATTGTGAACAGAAGAAAAAACAAACGATTGTTGAGAACCTT,2705,1000,A,G,Presente
NC_034224.1,"Mogiana tick virus isolate MGTV/V4/11 VP2-3 gene, complete cds",CTCTGAGTTGCAAGTGCTATAGCTCGGAATCCCGTCGCAGACTCAATCGAACGAAACACTCCAAATAGCAAAACCAGCTCTGCAACTACTGCTAGAGACA,2728,1000,A,G,Presente
NC_034225.1,"Mogiana tick virus isolate MGTV/V4/11 putative glycoprotein gene, complete cds",GAACAAAAAAAATAGAGAAAGAAACTGCTAAGACAAGACAAGAATGGCAAATGACACCATTGCCAATACCATCAACAATGCTGCAGAGAAGGTCCAGGCA,2629,1000,A,G,Presente
NC_034204.1,"Menghai flavivirus isolate MHAedFV1, complete genome",AACACCGGCTTTAACCAAGTCACGGATTGAAGTGGTTATTTCAAAAAGTTAGTGTTGTTAAAAATTTTCTTTAGCGACAGAAGGAACCCAAAAAGGGAAC,10897,1000,A,G,Ausente
NC_034007.1,"Phnom Penh bat virus strain 30834_A38, complete genome",ATGGTCACGCAGCCTCGGAAACGAGGTAATTTGAAAAAACAAATTGTGAGAAAGAGTGGGAAAAAGAAAAGAGATAGTGATCCCAAAGGGGGTCCCTTGA,10131,1000,A,G,Ausente
NC_034017.1,"Xishuangbanna aedes flavivirus, complete genome",TAAAACACCGGCTTTTACCAGGTCACAGGTTGAATTGGTTTACTATCGGGCTAGTGTTGTTAAAAATTTCTTTGGCGACGTACGGAAAGTATGGAGCAAT,10884,1000,A,G,Presente
NC_034018.1,"Yaounde virus strain Dak Ar Y276 polyprotein gene, complete cds",ATGTCTAAGAAACCAGGAGGGCCCGGAGGGATCCGGGCAATCAATATGCTGAAACGCGGTCTACCCCGCGTATACCCCCTAGTGGGGGTGAAGAGGGTAG,10293,1000,A,G,Presente
NC_033693.1,"Bouboui virus strain DAK AR B490 polyprotein gene, complete cds",ATGGTTAATCCAAAGGGCGTCAATGTAATGGCAACCCGTGCAAAACGGGTTGCCCAAAAATCAAAAAAGAAAATGGTACAGATAGGCAAAGGCCTTCGGG,10173,1000,A,G,Presente
NC_033694.1,"Palm Creek virus isolate 56 polyprotein gene, complete cds",ATGAATCAGGAGAGAGGAATACTCAGGGGTATGGGGAGGTTCCCCCCCCCCCCTGTGAAGAAGGGGAACAAGAATTCTGTTGCCGTGGCCAGGGTGCCAC,10095,1000,A,G,Presente
NC_033697.1,"Saboya virus strain Dak AR D4600 polyprotein gene, complete cds",ATGGTTAATCCAAAGGGCGTCAATGTAGTGGCTGGCCGCACTAAACGGCTGGCCCAAAAAACAAAAAAGAAGGTGGCCCAAGTGAGCAAGGGCATCAAAG,10173,1000,A,G,Ausente
NC_033698.1,"Uganda S virus polyprotein gene, complete cds",ATGGTTAATCCAAAGGGCGTCAATGTAATGGCAACCCGCGCAAAACGGGTTGCCCAAAAAACAAAAAAGAGAGTAGTGCAGGTTAGCAAAGGCCTTAAGG,10182,1000,A,G,Presente
NC_033699.1,"Jugra virus strain P-9-314 polyprotein gene, complete cds",ATGGTAAATCCAAAGGGCGTCAATGTAGTGGCCGGCCGCGCAAAGCGGTTGGCCCAAAAAACAAGAAGAAAGGCGGTCCAGGTGGGACGTGGCATAAAAG,10173,1000,A,G,Ausente
NC_033715.1,"Nounane virus polyprotein mRNA, complete cds",GTCTACGCGAGTGGAAACATAATACGTTGATACAATTTGGAAAAAACGAAAGTTTTAGTAGCAAGAGAGAGAAATCTCAATGGCTATAAATACCAAGAAG,10755,1000,A,G,Ausente
NC_033721.1,"Meaban virus from France polyprotein gene, complete cds",ATGCCTTCAGTTTTGAGAAAAGGCGGCGGGAAGCCTGCTGCGAAAGCAGCTAAAACCGCCAAAAATAACAGAGGGAGTGCCAGGGTTCCAATGCCAAGGA,10266,1000,A,G,Ausente
NC_033723.1,"Gadgets Gully virus from Australia polyprotein gene, complete cds",ATGACTAACAAAGGCATCCTAAAAGGAAGGGGGAGTGGTCCCCCCGGGCGAAGGCCCAAAGAGACCACAAAAAAGACGCGTCAGAAGACAGAGTTCATGC,10251,1000,A,G,Ausente
NC_033724.1,"Kadam virus from Uganda polyprotein gene, complete cds",ATGCCTGCTTTGAAGGCAGGGCGAGGAGGTGCCCGAGCCCCTAGGGGGCCAAAGAACTCCAAACAAGTGAGGGGACCCTCCATGCCTAGGAGGGTGGCCC,10215,1000,A,G,Presente
NC_033725.1,"Bamaga virus isolate CY4270 polyprotein gene, complete cds",ATGTCTAACCCTTCCGTCAGGAGGGGTGTCAATGTGATGGCGGCTCAGAAAAAACGAGTCGCCCAAAAAATAAAATCAATGAGGAAGGGAACCCAGAGCA,10203,1000,A,G,Ausente
NC_033726.1,"Saumarez Reef virus from Australia polyprotein gene, complete cds",ATGCCTTCGATTTTGAAAAAGGGCGGCGGAAAGCCTACTGCGAAAGCAGTGAAAACCGCCAAGAAAAATAATGGCAAGAAGCTGGTGACCATGCCAAGGA,10269,1000,A,G,Ausente
NC_032088.1,"New Mapoon virus, complete cds",AGATGTTCACCTGCGTGAACTGATTAGACAGATCGACATCAGATAGTTTCTATAACTCAGTGTGAACAAGTTTTTTGATCAGTGGATAATGACTAAAAAA,10864,1000,A,G,Ausente
NC_031950.1,"Guereza hepacivirus, complete sequence",CACTCAATACTACACTCCGCATTTGGGGAGAAGCGCTGGCGTTCGCGGAACCGCGTTAACCATACGCGTAGTACGAGTGCGACAGACCCCGGTGCTACTG,10471,1000,A,G,Presente
NC_031916.1,"Hepacivirus L, complete genome",CTCCCCTGGCACACTAAGACGCCCGTGAGCCGTGCGCCGGGCCTCTGAAGTGGTTGGTCGTAGCGTATACGCGCATCCAGAAGCGAGGAGGGGGGGGGGG,8916,1000,A,G,Ausente
NC_031947.1,"Bat hepacivirus polyprotein (POLY) gene, complete cds",CCCACCTGCGAGACGAGGAGCGGGGAAGCTGGGAAACCTGGGGACCAGGAATTCGCCGACATGGGACTCTGAGGACTCCGCAGTCGGAAAATTGGGCATG,9224,1000,A,G,Ausente
NC_031327.1,"Anopheles flavivirus variant 1, complete genome",AAAAACCCACCTGTGTTTCTTTGGTTATTTTACCTGTGTTTCGCGTTTTTATTGGTTGGTTTGTTTGAAATCCGTTTCTTTCAAAACCGTGAGCAGTTGA,10588,1000,A,G,Ausente
NC_029054.2,"Potiskum virus strain IBAN 10069 polyprotein gene, complete cds",ATGGTTAATCCAAAGGGCGTCAATGTAGTGGCTGGCCGCACTAAGCGGTTGGCCCAAAAAACAAAAAAGAAAGTGGCTCAAGTGAGCAAGGGCATCAAAG,10173,1000,A,G,Ausente
NC_030791.1,"Hepatitis C virus genotype 7, complete genome",GCCAGCCCCTTACGGGGCGACACTCCGCCATGAATCACTCCCCTGCGAGGAACCACTGTCCTCACGCAGAAAGCGTCTAGCCATGACGTTAGTATGAGTG,9443,1000,A,G,Ausente
NC_030653.1,"Atypical porcine pestivirus 1 isolate Bavaria S5/9 polyprotein gene, complete cds",ATGGAAAAACAGATTGCATATTATTTAAAAAAAGAAAAACAAAGAAATGGGTGGACGGAACTGGTAGTAGGAGAAAGCCATACAAAAATAACCACACTCT,10908,1000,A,G,Presente
NC_030400.1,"Nakiwogo virus strain Uganda08 polyprotein gene, partial cds",ATGGATCGAAAGAGAGGAATTCCCGGAGGATTGGGAAGGTTCCCGGCCCCCTCCGTAAACAAAGGGAACAAAAAAGTAGGACGAGAGAAGGTTCTCACCC,10122,1000,A,G,Ausente
NC_030401.1,"Hanko virus polyprotein gene, complete cds",ATGCACAGGTTGAGAGACCTTCTTCCCGACAAGGGGAAGAAAAATCGTAGTCCTGCCGTTAGGCGGCAGGGCGGGATCGCGAAGGGGGTTGATCGGAAGA,10158,1000,A,G,Ausente
NC_030289.1,"Edge Hill virus strain YMP 48 polyprotein gene, complete cds",ATGCCTGTTCGCCCTAGGAATAAGCCTAAGGGCGTCAATGTAATGGCGGCTGGGAAAGTCGCCCAAAAAATAAAAAACAAGTTGAAGAGTAAGGCCAAGG,10206,1000,A,G,Ausente
NC_030290.1,"Culiseta flavivirus strain 502-13, complete genome",TTTTAAAAGACTAACCCGTGGTTTCAACCAATTTGTGGAAATCTTTAGTAAGCAATTACACGGAAAAGTCTGTGATAAAGGGATCACCGAAATGAAAAAG,10864,1000,A,G,Ausente
NC_030291.1,"GB virus D strain 68 polyprotein precursor, gene, complete cds",GGGGGGGGGAGTGCAGGAATGGCTCCCTAATCAATCGCTACCGGGAATGTCCATGGGGCCCCCCAGGCGGCGCAGCCTGACCTGCGGCAAGCCGAAAAAT,9630,1000,A,G,Presente
NC_029055.1,"Spondweni virus, complete genome",ATGAAAAACCCAAAAAGAGCCGGTAGCAGCCGGCTTGTCAATATGCTAAGACGCGGTGCAGCCCGTGTCATCCCTCCAGGAGGAGGGCTCAAGAGGCTGC,10290,1000,A,G,Ausente
NC_028377.1,"Wenling shark virus, complete cds",GTTGGCTTTTGCCCCCCGCCCAAACGTTGAGTTAAATTACCGGGACGCGTAAGGGGGCTTCTCCCCCTAACACTAGGCAGTTTTCAACGTTGAGCGTGGC,9653,1000,A,G,Ausente
NC_028137.1,"Macrosiphum euphorbiae virus 1 isolate K01 polyprotein gene, complete cds",GCGCTTTTGTAGCCCCTTTGAACTTAGCCTTTTGGCAAGCTCTGAGCTTACAGTTTTTGCGATCCTTACGTTGTGTGATTTGTACACTTCCCCACGACTT,22780,1000,A,G,Ausente
NC_027998.2,"Human pegivirus 2 isolate UC0125.US polyprotein gene, complete cds",AACTGTTGTTGTAGCAATGCGCATATTGCTACTTCGGTACGCCTAATTGGTAGGCGCCCGGCCGACCGGCCCCGCAAGGGCCTAGTAGGACGTGTGACAA,9867,1000,A,G,Ausente
NC_027999.1,"Paraiso Escondido virus isolate Ecuador2012, complete genome",AGTAAATCTTGCATGTGGATTAGTGAGCACTAGTTTGCGCATTGAAACAAATTGTGGATTAACTTTTGTTAACGTGTTTGGATTAATTGTTGTTTGAGAG,10761,1000,A,G,Ausente
NC_027817.1,"Parramatta River virus isolate 92-B115745, complete genome",AGTTTTTAAAAGTTAACCCGTGGTTTTACCCTAGTTTCGGTGAATTTGCCAATTTTACGGAATAACTGTTTGAAAGGTTCAAACTCTGGTGTCCAACGTT,10893,1000,A,G,Presente
NC_027819.1,"Mercadeo virus isolate ER-M10, complete genome",AGTTTTAAAAAGCTGACCCGTGGTTCATAACCAATTTGTTATAACCTTTAGACGTTTGTCACGGAATAGCTTGAGAAGAAGCTTACTTATGTCAAGTAAG,10938,1000,A,G,Ausente
NC_027709.1,"Spanish goat encephalitis virus isolate AstGoatIREC2011, complete genome",AGATTTTCTTGCACGTGCATGCTTTTGCTTCGGACAGCACTGGCAGCGGCAGGTTTGAGAGAGACGATCTTTCGCTCTCATCAGTCGTGAACGTGTTGAG,10870,1000,A,G,Ausente
NC_026797.1,"Bovine hepacivirus polyprotein (POLY) gene, complete cds",CCATCGACACTCCAGGCTCACGGATTAAGTTAGGTTCCGCCGAAGCGGGCTAACCAGGCCCCTAGTAGGAGGCGCCTATCCCGTGAGCCCTTTCCCCACG,8850,1000,A,G,Ausente
NC_026620.1,"Jutiapa virus strain JG-128, complete genome",ATGCTTAACAATAGCAAATTAAAGAAGCCCTCTGGTGGTGGCCAGAGGGCGTCTGGGAGAAGAAAGAAACCATCCTCCCAACCCGTACCCATGAACCTTG,10125,1000,A,G,Presente
NC_026623.1,"Cacipacore virus flavivirus polyprotein (flavivirus polyprotein gene) and truncated polyprotein (flavivirus polyprotein gene) genes, complete cds",ATGTCTAAAAAACCAGGAGGACCCGGCAAGAACCGGGTCGTCAATATGCTGAAGCGCGGAGCATCCCGCGCTGGGCCTTTGCAGGCCCTGAAGAGGATGC,10284,1000,A,G,Presente
NC_026624.1,"Sokoluk virus strain LEIV-400K, complete genome",ATGAATAATCGTAAGAGTAACACCCGGAAACCGGGTGTCAACTTAAAATTGCAAAATCAAAAAAGAAAGGGGCCTAGCATGCCTAGGTCCCGTAAGACCA,10242,1000,A,G,Ausente
NC_025672.1,"Norway rat hepacivirus 1, complete sequence",ATGTCCCACAGCGAGCCTGGGATAACCGGGGGTCGGTTCCCAGCCTACAGCCTGATAGGGTCCTGCGGAGGGCCGAGGCGTTTCCGCTGTAAACCATCTA,8976,1000,A,G,Presente
NC_025673.1,"Norway rat hepacivirus 2, complete sequence",ATGAGTTCTTCAATCAAATCTGTTCCCAAACCAAGAAACGGCACCGTGTCTGGCAGACTGCCTGTCAGGCCGGGAAGAAGACTTCGTGCCTACGTTGTAA,8568,1000,A,G,Ausente
NC_025677.1,"Norway rat pestivirus isolate NrPV/NYC-D23 polyprotein gene, complete cds",GTATAAGGGTTGGGAACCTTGTACCAAGCTACCTCTGCCATTCAGTATTTGGGAGTAGAAGTAGATGTGTTTACAAACTCACACGTGTGGGGGCGGGGAT,12983,1000,A,G,Ausente
NC_025679.1,"Norway rat pegivirus isolate NrPgV/NYC-E13 polyprotein gene, complete cds",ATGCAGGTGTTACTTCTCTTAGTGTTAGGGACCGGCGCGGCCGCAAGCGCCTCACCAAGTGCGGCAGCCAACTCTACAACCACACCTGACCCCGGCTTTT,10023,1000,A,G,Ausente
NC_024889.1,"Equine hepacivirus JPN3/JAPAN/2013 polyprotein (POLY) gene, complete cds",ACCTCCGTGCTATGCACGGTGCGTTGTCAGCGTTTTGCGCTTGCATGCGCTACACGCGTCGTCCAACGCGGAGGGATTCTTCCACATTACCATGTGTCAC,9355,1000,A,G,Ausente
NC_024805.1,"Ilomantsi virus isolate M0724 polyprotein gene, complete cds",ACTGAATCGATGCAATCGATGGTTTTTCGAACCAGAAGACCCGTTAAGCGGGTCGTCGATATAATTAAACGCAGGCTACCACGCGTGCCACCCCCCAAAA,10365,1000,A,G,Presente
NC_024806.1,"Lammi virus isolate M0719 polyprotein gene, complete cds",AGAATCGGAGAACCGATGGCGAATAAACCCAAGAAGCCCGCTAGGCGGGCTATCGATATAGTGAGACGCGCGTTGCCCCGCGTCTCGGGACCCAAAAGGG,10320,1000,A,G,Presente
NC_024377.1,"Simian pegivirus isolate SPgVkrc_RC08 polyprotein precursor, gene, complete cds",GGGGAATCTCACCCCCCGTCCGGTTCCGGAAGAATCGGAAACCGACACCCTGACCAATCATTCTTGATCATAGAGTGGATGTTAGTGAAAGCCAGACGAA,9525,1000,A,G,Ausente
NC_024299.2,"Nienokoue virus isolate B51/CI/2004, complete genome",GAGTTTTTAAAAACCTACGCTAGTGTTAGACTATCGGTTAGTTTAGCTGTTATAGAAGCTTTGGTTGTTTGAAAAACTTTTGCGACGTTGTTGAGAAGAT,10878,1000,A,G,Ausente
NC_024111.1,"Jingmen Tick Virus isolate SY84 segment 4, complete sequence",GTTTAAAAACGGCCGCCCTGAGTTGCAAGTGCAATAGCTCGGAACCCCGCCGTAGACTCAAACGAACGAAGCACTCCAAGAAGCAAAACCGGCTTCGCAG,2794,1000,A,G,Ausente
NC_024112.1,"Jingmen Tick Virus isolate SY84 segment 2, complete sequence",GTTTAAAAAGCGGACCGTGCCGGTGGCAAGTGCATACATCGTCAACGAATACCGCTGACTCCCCAAGGAAGTAAGGATTCGTCCTGAAACAAGTTGGGGA,2847,1000,A,G,Ausente
NC_024113.1,"Jingmen Tick Virus isolate SY84 segment 1, complete sequence",GTTAAAAGAGGCCGCCCTTTACTGCAAGTGCAAAGGTTAAGGAATCCGCCTCAGACTCAAACGCAGACAGAACAACAACAAGACAGACAATTGTGGAAAA,3114,1000,A,G,Ausente
NC_024114.1,"Jingmen Tick Virus isolate SY84 segment 3, complete sequence",GTTAAAAAGCGCCAGCTGAGGCTGCAAGTGCATAGGCTTTAGATCACGCGCTAGACTCACTTTACAGACTAGAAGTGTAAACAGGAAAAGAAACAAGTGA,2824,1000,A,G,Presente
NC_024077.1,"Soybean cyst nematode virus 5 strain ScV5 polyprotein gene, complete cds",AACAACGCTAAACCCTCAAACTTTTAATCACCACAAACAAACGAAACAATGGCTTCGACCAAAGTTTTCTGTGTGCGTGACGAGGACGCGATTGCGGAAC,19199,1000,A,G,Ausente
NC_024018.2,"Pronghorn antelope pestivirus, complete genome",GTATACGCAGTTAGTTCATCCTGTGTATACAGATTGGAGACTCTAAAAACAACGATTCGGAATAGGGGCCCGCGGCGAAGACCGAAGACAGGCTAACCAT,12273,1000,A,G,Ausente
NC_024017.1,"Nhumirim virus strain BrMS-MQ10, complete genome",AGTTTGTGCTGTACGTGCACTGGAAGTACATAGTTGGTATAACGGGTAGAAATATAACGTATTCGCGCATTTTGATAGAGTTGACTAGATAACGAATTAT,10891,1000,A,G,Ausente
NC_023439.1,"Kama virus strain LEIV-20776Tat polyprotein gene, complete cds",CTCTTCCCCCCTCCTTCTTGAGTATATGTTCACGTGTGAACGCACTGTCTTTGGTCAGGCAGAGTGGTCTTTTGCGTCGTTATTGCTTTGGATAGCACGT,10688,1000,A,G,Ausente
NC_023424.1,"Tyuleniy virus strain LEIV-6C polyprotein gene, complete cds",GGACCAGAGCGAAAGCGGGAACTTTAGTCAGTGACTGAGGCCTCTTGAGTTAGTGTTGAAAGACGCGTTTTCAAGGTGGTATCACGTTGGGCATAAAAAC,10673,1000,A,G,Ausente
NC_023176.1,"Porcine pestivirus isolate Bungowannah, complete genome",TACGCGGGGTATAACGACAGTAGTTCAAGTGTCGTTATGCATCATTGGCCATAACAAATTATCTAATTTGGAATAGGGACCTGCGACCTGTACGAAGGCC,12656,1000,A,G,Presente
NC_021153.1,"Rodent hepacivirus, complete genome",ACCATCTACACTCCCCGTTCCAGGGATTCCCAGCGTGCTAGGGTGGCACGTATCTGCTCCGTTTACATTATTTGAGCAGGGCTGGGGAACTGAATGGCAC,8879,1000,A,G,Presente
NC_021154.1,"Rodent pegivirus isolate CC61, complete genome",GGACTTCGGTCCCCCTGTTACTCTGCGAGCCACCGCAGAGCCAGGGTTGGTACGCCCGAGGTGTTAGACCCCGGCCGAAAGCTCCTAACCATGGGGTTAG,11279,1000,A,G,Ausente
NC_021069.1,"Mosquito flavivirus isolate LSFlaviV-A20-09, complete genome",TAGTTTTTAAAAACTTCAGCTTGGTTAAGTCACTGGTTGATTAAGCCTGTATTACAGCTAAAGTTGTTTATAATTTCGCTACCTTATTACCTCTGGTACT,10865,1000,A,G,Presente
NC_020902.1,"Equine Pegivirus 1 isolate C0035, complete genome",GACGCGCATCCCGGGTGAAAGCCCCGGGCGTACGACCTGGTTCGGGATGATTCCCGTTCTCAGTGCGGAGGCCCCGCAAACCGAGCCGCCCTGTAGGCAA,11197,1000,A,G,Ausente
NC_018705.3,"Ntaya virus, complete cds",AGAAGTTCATCTGTGTGAACTTCGTGATTGACAGCTCAACACGAGTGCGGGCAACCGTAAACACAGTTTGAACGTTTTTTGGAGAGAGACTACTATGTCA,10943,1000,A,G,Presente
NC_018713.1,"Pestivirus strain Aydin/04-TR, complete genome",GTATACGAGATTAGCTCATACTCGTGTACAAATTGGACGTAGCAAATTTAAAAATTCGGATAGGGTCCCCATCCAGCGACGGCCGAACGGGGTTAACCAT,12292,1000,A,G,Ausente
NC_017086.1,"Chaoyang virus, complete genome",GAAAAGTATATTCTACGTGTGCATTCTGTAACATAGTTGGTTGGAGAAGTATTTTGGATATAACACGTTTGAATAGGTTTATTGTGAATCGAAATACCGA,10733,1000,A,G,Ausente
NC_016997.1,"Donggang virus, complete genome",GAAAAGTATATTCTGTGTGTGCGTCTTGGTACACAGTTAGTAGTGAGAGTGGAAGGAAAAGAATACACTTTGAAAACATAACGCATTAGAATAGGTTTGA,10791,1000,A,G,Ausente
NC_015843.2,"Tembusu virus flavivirus polyprotein (flavivirus polyprotein gene) gene, complete cds",AGAAGTTCGCCTGTGTGAACTTATTCCAAACAGCTTTTGGAGTAGTGCGTGTGAACGTAAACACAGTTTGAACGTTTTTTGGATAGAGACAACTATGTCT,10990,1000,A,G,Ausente
NC_012932.1,"Aedes flavivirus genomic RNA, complete genome, strain: Narita-21",AGTTTTTAAAAACTTCTGTGAAGGTCACATCCCTAGTTGGATTACGCCGCTTTTGAAAAATCTAGAAGTTGTTTGGAAAAGAGATATCTGGTTCGTATGA,11064,1000,A,G,Presente
NC_012812.1,"Bovine viral diarrhea virus 3 Th/04_KhonKaen, complete genome",GTATACGCCCAGTTAGTTCAGGTGGACGTGTACGATTGGGTATCCCAAATTAATAATTTGGTTTAGGGACTAAATCCCCTGGCGAAGGCCGAAACAGGTT,12337,1000,A,G,Ausente
NC_012735.1,"Wesselsbron virus strain SAH177, complete genome",AGTATATTCTGCGTGCTAATCGTTCGACGTTAGTCCGTGGAGTGAGCTTCTATTAGAGTCGTTAACACGTTTGAATAATTTCTACTGAAAGGAGTAGAAG,10814,1000,A,G,Presente
NC_012671.1,"Quang Binh virus, complete genome",TAGTTTTTAAAAACTTCAGCTTGGTTAAGTCACTGGTTGATTAAGCCTATCTATTACAGCTAAAGTTGTTTATAATTTGCTACTTTATTACCTCTGGTAC,10865,1000,A,G,Presente
NC_012532.1,"Zika virus, complete genome",AGTTGTTGATCTGTGTGAGTCAGACTGCGACAGTTCGAGTCTGAAGCGAGAGCTAACAACAGTATCAACAGGTTTAATTTGGATTTGGAAACGAGAGTTT,10794,1000,A,G,Ausente
NC_012533.1,"Kedougou virus strain DakAar D1470, complete genome",ACTTTTTTGATCGGTGTGAATCGATACAAACAGATTTTGTAGAGAAGTTATTCTAACACTCGTGTCAACAGTTTTCGTGTTGAGAAAGAAAACAGATTCT,10723,1000,A,G,Ausente
NC_012534.1,"Bagaza virus strain DakAr B209, complete genome",AGAAGTTCATCTGTGTGAACTTTGTGATTGACAGCTCAACACAAGTGCGGACTACCGTAAACACAGTTTGAACGTTTTTTGGAGAGAGATTATTATGTTT,10941,1000,A,G,Presente
NC_009942.1,"West Nile virus lineage 1, complete genome",AGTAGTTCGCCTGTGTGAGCTGACAAACTTAGTAGTGTTTGTGAGGATTAACAACAATTAACACAGTGCGAGCTGTTTCTTAGCACGAAGATCTCGATGT,11029,1000,A,G,Ausente
NC_009823.1,"Hepatitis C virus genotype 2, complete genome",ACCCGCCCCTAATAGGGGCGACACTCCGCCATGAATCACTCCCCTGTGAGGAACTACTGTCTTCACGCAGAAAGCGTCTAGCCATGGCGTTAGTATGAGT,9711,1000,A,G,Ausente
NC_009827.1,"Hepatitis C virus genotype 6, complete genome",GCCAGCCCCTTAACGGGGCGACACTCCACCATGATCACTCCCCTGTGAGGAACTACTGTCTTCACGCAGAAAGCGTCTAGCCATGGCGTTAGTATGAGTG,9628,1000,A,G,Presente
NC_009029.2,"Kokobera virus, complete genome",AGATGTTCACCTGTGTGAACTAACCAGACAGATCGAAGTTAGGTGATTACATAACACAGTGTGAACAAGTTTTTTGAACAGCAATGACCAAAAAACCAGG,10874,1000,A,G,Ausente
NC_008718.1,"Entebbe bat virus, complete genome",AGTAAATTTTGCGTGCTAGTCGCTTGGCGTTAGTCCGTGAAGTGAGTTTTTGGATACATTGTACCAGAGATTAACACGTTGAAATTATTTCTGAAAACAG,10510,1000,A,G,Presente
NC_008719.1,"Sepik virus, complete genome",AGTATATTCTGCGTGCTAATCGTTCAACGTTAGTCCGTGGAGTGAGCTTCTGTTAAGTTGTTAACACGTTTGAATAATTTCTACTGAAAGGGTAGAGAAA,10793,1000,A,G,Ausente
NC_008604.2,"Culex flavivirus, complete genome",AGTTTTTAAAAACTTCGGCTTGGTTACACCGCAGATTGGTTACACCTACACAAGGCTTGAGTTGTTTATAATAGTCGTTTTTCTCGCAGAAATGGGAAAG,10837,1000,A,G,Ausente
NC_007580.2,"Saint Louis encephalitis virus, complete genome",AGATGTTCGCGTCGGTGAGCGGAGAGGAAACAGATTTCCTTTTTGGAGGATAATAACTTAACTTGACTGCGAACAGTTTTTTAGCAGGGAATTACCCAAT,10940,1000,A,G,Presente
NC_006551.1,"Usutu virus, complete cds",AGTCGTTCGTCTGCGTGAGCTCTACTACTTAGTATTGTTTTTGGAGGATCGTGAGATTAACACAGTGCCGGCAGTTTCTTTGAGCGTTGATTTTCAATGT,11066,1000,A,G,Presente
NC_005064.1,"Kamiti River virus, complete genome",AGTTTTTGAAAACTTCTGTGAATGTTTATATCCTTAGTCGGATCGAGCTAAATTTTAAATCAAAGGAGTTGTTCGGAAAAGTGACCTTGGTTCGTTATGA,11375,1000,A,G,Ausente
NC_005062.1,"Omsk hemorrhagic fever virus, complete genome",AGATTTTCTTGCACGTGCGTGCGCTTGCTTCAGACAGCAATAGCAGCGGCAGGGTTGGTGGAAGGAATTGCCCGCATCAGCCAGTCGTGAACGTGTTGAG,10787,1000,A,G,Ausente
NC_005039.1,"Yokose virus, complete genome",AGTAAATTTTGCGTGCTAGTCGCTGAGCGTCAGACCGCAAAGTGAGTTTTTAGTGATCTAAAGTGAGGAGTTATTCTTACTGTCATCAAACACTACAAAT,10857,1000,A,G,Presente
NC_004119.1,"Montana myotis leukoencephalitis virus, complete genome",AGTTGGTTTTGCCGGCTACAACGATCCTCCGTAGGAAGCGTTGGTGTCTTGGACATTGCCGAGTTGAAACCTTGGTTTCCGGCTGGAAACCACGTCGCTC,10690,1000,A,G,Ausente
NC_003635.1,"Modoc virus, complete genome",AGTTGATCCTGCCAGCGGTGGGTCGCTACTGTTTCGCGAACCAGTCGTTTTGACAGTTGGTTGGGATCAAATTTGTTCTGTGCGCGTCACGCCACTTTTT,10600,1000,A,G,Ausente
NC_002657.1,"Classical swine fever virus, complete genome",GTATACGAGGTTAGTTCATTCTCGTATGCATGATTGGACAAATCAAAATTTCAATTTGGTTCAGGGCCTCCCTCCAGCGACGGCCGAACTGGGCTAGCCA,12301,1000,A,G,Ausente
NC_002640.1,"Dengue virus 4, complete genome",AGTTGTTAGTCTGTGTGGACCGACAAGGACAGTTCCAAATCGGAAGCTTGCTTAACACAGTTCTAACAGTTTGTTTGAATAGAGAGCAGATCTCTGGAAA,10649,1000,A,G,Ausente
NC_003690.1,"Langat virus, complete genome",AGATTTTCTTGCGCGTGCATGCGTGTGCTTCAGACAGCCCAGGCAGCGACTGTGATTGTGGATATTCTTTCTGCAAGTTTTGTCGTGAACGTGTTGAGAA,10943,1000,A,G,Ausente
NC_000943.1,"Murray Valley encephalitis virus, complete genome",AGACGTTCATCTGCGTGAGCTTCCGATCTCAGTATTGTTTGGAAGGATCATTGATTAACGCGGTTTGAACAGTTTTTTGGAGCTTTTGATTTCAAATGTC,11014,1000,A,G,Presente
NC_003678.1,Pestivirus giraffe-1 H138 complete genome,GTATACGAGTTTAGCTCAATCCTCGTATACAATATTGGGCGTCACCAAATATAGATTTGGCATAGGCAACACCCCGATGCGAAGGCCGAAAAGGGCTAAC,12602,1000,A,G,Ausente
NC_001655.1,"Hepatitis GB virus B, complete genome",ACCACAAACACTCCAGTTTGTTACACTCCGCTAGGAATGCTCCTGGAGCACCCCCCCTAGCAGGGCGTGGGGGATTTCCCCTGCCCGTCTGCAGAAGGGT,9399,1000,A,G,Ausente
NC_003679.1,"Border disease virus X818, complete genome",GTATACGGGAGTAGCTCATGCCCGTATACAAAATTGGATATTCCAAAACTCGATTGGGTTAGGGAGCCCTCCTAGCGACGGCCGAACCGTGTTAACCATA,12333,1000,A,G,Presente
NC_001837.1,"Hepatitis GB virus A, complete genome",GCCGGGTGGAAGGCCCGGAACCGCCCCACCACCTCAACTAGGTGGTAAGGGTACGTCTATCGGTCCGGCTGGCCCGAAAGGCGGTGGATCCTGTGTGTTA,9550,1000,A,G,Ausente
NC_004102.1,"Hepatitis C virus genotype 1, complete genome",GCCAGCCCCCTGATGGGGGCGACACTCCACCATGAATCACTCCCCTGTGAGGAACTACTGTCTTCACGCAGAAAGCGTCTAGCCATGGCGTTAGTATGAG,9646,1000,A,G,Ausente
NC_001809.1,"Louping ill virus, complete genome",AGATTTTCTTGCACGTGCGATAGCTTCGGACAGCTTTGGCAGCGGCAGGTTTGAAAGAGACATTTTTTTTTCTTTCATCAGCCGTGAACGTGTTGAGAAA,10871,1000,A,G,Ausente
NC_001477.1,"Dengue virus 1, complete genome",AGTTGTTAGTCTACGTGGACCGACAAGAACAGTTTCGAATCGGAAGCTTGCTTAACGTAGTTCTAACAGTTTTTTATTAGAGAGCAGATCTCTGATGAAC,10735,1000,A,G,Ausente
NC_001710.1,"GB virus C/Hepatitis G virus, complete genome",ACGTGGGGGAGTTGATCCCCCCCCCCCGGCACTGGGTGCAAGCCCCAGAAACCGACGCCTATCTAAGTAGACGCAATGACTCGGCGCCGACTCGGCGACC,9392,1000,A,G,Ausente
NC_001672.1,"Tick-borne encephalitis virus, complete genome",AGATTTTCTTGCACGTGCATGCGTTTGCTTCGGACAGCATTAGCAGCGGTTGGTTTGAAAGAGATATTCTTTTGTTTCTACCAGTCGTGAACGTGTTGAG,11141,1000,A,G,Ausente
NC_001563.2,"West Nile virus lineage 2, complete genome",AGTAGTTCGCCTGTGTGAGCTGACAAACTTAGTAGTGTTTGTGAGGATTAACAACAATTAACACAGTGCGAGCTGTTTCTTGGCACGAAGATCTCGATGT,10962,1000,A,G,Ausente
NC_001564.2,"Cell fusing agent virus strain Galveston, complete genome",ACTTCGGCTTAGCTACACCACAGTTTTGGTTACGCTTATATTTTCAAAGCTTAAGTTGTTTTTAATTTTTGCCGAGAGACCGTGAGGTTGAACCCGGCAA,10682,1000,A,G,Ausente
NC_001461.1,"Bovine viral diarrhea virus 1, complete genome",GTATACGAGAATTAGAAAAGGCACTCGTATACGTATTGGGCAATTAAAAATAATAATTAGGCCTAGGGAACAAATCCCTCTCAGCGAAGGCCGAAAAGAG,12573,1000,A,G,Ausente
NC_001474.2,"Dengue virus 2, complete genome",AGTTGTTAGTCTACGTGGACCGACAAAGACAGATTCTTTGAGGGAGCTAAGCTCAACGTAGTTCTAACAGTTTTTTAATTAGAGAGCAGATCTCTGATGA,10723,1000,A,G,Ausente
NC_001475.2,"Dengue virus 3, complete genome",AGTTGTTAGTCTACGTGGACCGACAAGAACAGTTTCGACTCGGAAGCTTGCTTAACGTAGTGCTGACAGTTTTTTATTAGAGAGCAGATCTCTGATGAAC,10707,1000,A,G,Ausente
NC_003687.1,"Powassan virus, complete genome",AGATTTTCTTGCACGTGTGTGCGGGTGCTTTAGTCAGTGTCCGCAGCGTTCTGTTGAACGTGAGTGTGTTGAGAAAAAGACAGCTTAGGAGAACAAGAGC,10839,1000,A,G,Presente
NC_002031.1,"Yellow fever virus, complete genome",AGTAAATCCTGTGTGCTAATTGAGGTGCATTGGTCTGCAAATCGAGTTGCTAGGCAATAAACACATTTGGATTAATTTTAATCGTTCGTTGAGCGATTAG,10862,1000,A,G,Ausente
